id,income
11574,0.02666666666666667
15847,0.02
17655,0.11333333333333333
19790,0.9633333333333334
31812,0.03666666666666667
7548,0.10666666666666667
13093,0.44333333333333336
18332,0.20333333333333334
28474,0.28
4213,0.0
23199,0.38666666666666666
1426,0.08333333333333333
14097,0.0033333333333333335
32363,0.8166666666666667
25209,0.08666666666666667
12195,0.05333333333333334
29309,0.01
9644,0.02
5149,0.4633333333333333
29963,0.42
28796,0.0
2822,0.94
2759,0.9266666666666666
21754,0.05
30594,0.23333333333333334
22000,0.4
2495,0.9033333333333333
4544,0.36
16233,0.17666666666666667
27634,0.43666666666666665
21434,0.8966666666666666
31094,0.89
3,0.39
24102,0.15
2861,0.98
20994,0.0033333333333333335
8749,0.39
19625,0.006666666666666667
6114,0.9033333333333333
10271,0.0033333333333333335
5418,0.02
8973,0.04666666666666667
11868,0.44333333333333336
27153,0.36666666666666664
24105,0.4633333333333333
30474,0.02
8079,0.3233333333333333
678,0.79
19030,0.0
31251,0.29
26556,0.18
11885,0.0
22975,0.013333333333333334
26882,0.02666666666666667
12453,0.016666666666666666
30338,0.006666666666666667
7196,0.0
2310,0.9833333333333333
10439,0.0
8000,0.6566666666666666
20079,0.13
31383,0.23
17449,0.0
14177,0.20333333333333334
18995,0.15333333333333332
27079,0.9733333333333334
6652,0.016666666666666666
11447,0.0033333333333333335
4690,0.84
27679,0.64
27323,0.0033333333333333335
23117,0.0
22483,0.0
9791,0.0033333333333333335
6061,0.006666666666666667
25894,0.016666666666666666
20460,0.0
7148,0.16666666666666666
12589,0.17666666666666667
10589,0.15333333333333332
7514,0.0
27183,0.4
11764,0.08666666666666667
27766,0.4666666666666667
21550,0.5566666666666666
21762,0.4633333333333333
13697,0.17666666666666667
12057,0.3
8754,0.06
5098,0.24
625,0.8366666666666667
2216,0.8333333333333334
22281,0.0
18270,0.03333333333333333
20788,0.3233333333333333
28907,0.09333333333333334
20807,0.016666666666666666
19878,0.12666666666666668
32236,0.013333333333333334
17919,0.76
5759,0.0
31454,0.16333333333333333
28544,0.5866666666666667
27923,0.07666666666666666
18958,0.0
8198,0.0033333333333333335
29544,0.07
25412,0.19
20790,0.45
694,0.8533333333333334
16533,0.21333333333333335
22683,1.0
32246,0.0
153,0.31333333333333335
13901,0.15333333333333332
27444,0.32
31554,0.0033333333333333335
30556,0.05
18580,0.0033333333333333335
10090,0.03
20252,0.0
1670,0.9133333333333333
7055,0.03
23159,0.58
31499,0.20666666666666667
4379,0.06
26289,0.07666666666666666
6552,0.0
28526,0.51
25495,0.07666666666666666
3834,0.006666666666666667
9848,0.0
27044,0.6266666666666667
28172,0.016666666666666666
318,0.013333333333333334
22959,0.65
13047,0.5433333333333333
21457,0.0
16179,0.0
16168,0.29
29455,0.0
4655,0.07
17479,0.0
4087,0.0033333333333333335
6512,0.11333333333333333
26667,0.0
628,0.9466666666666667
5982,0.0
10266,0.26666666666666666
389,0.89
24708,0.16
13612,0.5366666666666666
11714,0.0
13992,0.19333333333333333
21112,0.04666666666666667
31572,0.0
2207,0.7133333333333334
19554,0.006666666666666667
30641,0.0
20354,0.0033333333333333335
24052,0.4533333333333333
26266,0.6633333333333333
2352,0.83
7069,0.2
32183,0.20333333333333334
12154,0.0
9931,0.20666666666666667
28992,0.06333333333333334
798,0.7133333333333334
21396,0.0
24534,0.12
13391,0.09333333333333334
17859,0.01
12663,0.006666666666666667
4777,0.20333333333333334
30049,0.7566666666666667
6546,0.33666666666666667
2716,0.9433333333333334
23998,0.79
5830,0.39
21116,0.3
20970,0.023333333333333334
8711,0.02
15230,0.3566666666666667
4843,0.2
1160,0.043333333333333335
7756,0.03
27284,0.62
1938,0.96
13237,0.6794444444444444
16025,0.19666666666666666
22995,0.2866666666666667
9690,0.7933333333333333
13547,0.043333333333333335
16442,0.0033333333333333335
27759,0.043333333333333335
14690,0.0033333333333333335
13983,0.0
29748,0.02666666666666667
13056,0.0033333333333333335
20165,0.0
3892,0.016666666666666666
18396,0.53
16170,0.41
23183,0.08
17013,0.39
10322,0.02666666666666667
11187,0.11333333333333333
27601,0.3
32536,0.72
29346,0.0
4042,0.01
9595,0.07
6561,0.02666666666666667
6532,0.09666666666666666
3449,0.29333333333333333
10776,0.13333333333333333
29524,0.19333333333333333
24808,0.0
13703,0.01
2961,0.22333333333333333
23693,0.4266666666666667
10833,0.36666666666666664
6192,0.6933333333333334
31413,0.5766666666666667
17363,0.6466666666666666
27438,0.0
17173,0.44
4776,0.006666666666666667
4627,0.02
4082,0.0
32178,0.0
27755,0.0
17477,0.013333333333333334
686,0.9533333333333334
8720,0.006666666666666667
5311,0.5933333333333334
284,0.64
30902,0.0033333333333333335
5935,0.07
2128,0.8166666666666667
4905,0.7233333333333334
6457,0.006666666666666667
326,0.0033333333333333335
22073,0.25
22056,0.06333333333333334
11823,0.21
30370,0.0
29477,0.02666666666666667
8424,0.5766666666666667
28881,0.0
16935,0.9066666666666666
2478,0.95
9382,0.0033333333333333335
29342,0.0
32446,0.03666666666666667
7491,0.0
27003,0.013333333333333334
24266,0.0
4656,0.17333333333333334
8116,0.7033333333333334
8737,0.56
7344,0.043333333333333335
8451,0.07
11549,0.03666666666666667
6178,0.51
15113,0.0
14187,0.36
4161,0.07
24996,0.0
1615,0.96
21518,0.2966666666666667
6124,0.0
28833,0.0
23367,0.52
27810,0.0
9378,0.0
13396,0.03666666666666667
14153,0.043333333333333335
15315,0.0
22536,0.9166666666666666
12397,0.0
10473,0.0
28412,0.043333333333333335
9493,0.006666666666666667
30455,0.0
32253,0.03
10691,0.37
11836,0.0
760,0.9066666666666666
31304,0.2733333333333333
23217,0.15333333333333332
16281,0.41
9124,0.043333333333333335
4608,0.006666666666666667
14083,0.02666666666666667
26576,0.11333333333333333
21651,0.06
4229,0.11666666666666667
14424,0.23
8625,0.02
6628,0.0
12107,0.01
13185,0.41333333333333333
32387,0.01
29857,0.15333333333333332
30182,0.13
25872,0.0
20045,0.0
12935,0.6233333333333333
16909,0.05333333333333334
8492,0.0033333333333333335
20851,0.0
31641,0.17666666666666667
18826,0.0033333333333333335
14488,0.3566666666666667
31624,0.0
25145,0.6766666666666666
9874,0.23
789,0.71
4294,0.06666666666666667
28181,0.13
12841,0.3933333333333333
31461,0.4266666666666667
27978,0.013333333333333334
12075,0.3233333333333333
32231,0.59
17836,0.5533333333333333
11655,0.7366666666666667
20028,0.06666666666666667
8998,0.14
25238,0.10666666666666667
11971,0.16
11047,0.56
6739,0.0
13499,0.31333333333333335
510,0.8033333333333333
25355,0.2733333333333333
24354,0.5833333333333334
22944,0.2833333333333333
21787,0.9133333333333333
5579,0.07
23817,0.10333333333333333
25172,0.15
18535,0.0033333333333333335
20408,0.013333333333333334
8066,0.07333333333333333
13889,0.12
4653,0.09666666666666666
14881,0.38
23364,0.25
21578,0.29
30604,0.03
67,0.9166666666666666
29780,0.71
22708,0.16333333333333333
22783,0.0
21944,0.30666666666666664
208,0.1
8155,0.16333333333333333
22695,0.4066666666666667
13530,0.0
30096,0.9633333333333334
516,0.7
10656,0.3
14269,0.006666666666666667
15830,0.3
23107,0.006666666666666667
4238,0.5933333333333334
9396,0.7433333333333333
6289,0.0
13728,0.08
31749,0.16
30681,0.8633333333333333
12170,0.95
20007,0.13666666666666666
4100,0.01
2137,0.9366666666666666
27906,0.013333333333333334
31114,0.08666666666666667
30808,0.06666666666666667
9108,0.7733333333333333
30245,0.013333333333333334
1976,0.9933333333333333
29562,0.32
18641,0.03333333333333333
13459,0.10666666666666667
768,0.95
26090,0.2
23214,0.10333333333333333
6307,0.07333333333333333
21923,0.0
21614,0.17
9903,0.15666666666666668
7857,0.0033333333333333335
23061,0.09333333333333334
24309,0.0033333333333333335
6799,0.37666666666666665
18251,0.03333333333333333
4943,0.0033333333333333335
25581,0.8266666666666667
27639,0.0
29568,0.56
31220,0.0
28713,0.0
1251,0.0
6070,0.03666666666666667
1201,0.4266666666666667
16955,0.0
32189,0.04
3451,0.53
3911,0.09333333333333334
28891,0.08
25703,0.0
20213,0.9566666666666667
25850,0.07
22384,0.06666666666666667
21980,0.5133333333333333
29160,0.19333333333333333
29512,0.0
10875,0.05
23209,0.07
15496,0.013333333333333334
17962,0.09666666666666666
2585,0.9866666666666667
3704,0.49333333333333335
17182,0.06333333333333334
28196,0.0
18803,0.05333333333333334
8153,0.07333333333333333
8339,0.34
19333,0.3
21003,0.89
1385,0.7066666666666667
28587,0.006666666666666667
14479,0.0
9348,0.03333333333333333
10902,0.11666666666666667
24038,0.16
28224,0.0
13650,0.09333333333333334
32437,0.016666666666666666
27275,0.11
31581,0.7566666666666667
8639,0.0033333333333333335
7641,0.01
22010,0.15666666666666668
24048,0.36
28169,0.023333333333333334
15026,0.043333333333333335
21718,0.0
22540,0.0
26598,0.0
21398,0.6966666666666667
14585,0.11666666666666667
18440,0.14
3473,0.3566666666666667
5564,0.3566666666666667
4952,0.006666666666666667
25073,0.02
29684,0.37333333333333335
23966,0.06
261,0.31333333333333335
9906,0.0
25599,0.07333333333333333
5722,0.0033333333333333335
14781,0.006666666666666667
26433,0.01
21220,0.21333333333333335
21702,0.38333333333333336
13675,0.03333333333333333
27551,0.04
32355,0.05
19617,0.37
185,0.5033333333333333
958,0.9866666666666667
15825,0.013333333333333334
11469,0.36
13833,0.03666666666666667
14762,0.0
16836,0.09666666666666666
31462,0.0033333333333333335
27477,0.14666666666666667
17795,0.9433333333333334
22363,0.023333333333333334
2499,0.93
22040,0.18
32267,0.31333333333333335
22738,0.0
15475,0.006666666666666667
9250,0.0033333333333333335
32354,0.08666666666666667
23005,0.0
15022,0.013333333333333334
26648,0.006666666666666667
17922,0.22666666666666666
29498,0.15666666666666668
19204,0.33
12416,0.15666666666666668
23197,0.03
26857,0.8066666666666666
26095,0.01
29481,0.0033333333333333335
8916,0.35333333333333333
13280,0.2633333333333333
24596,0.17
55,0.4866666666666667
2420,0.8566666666666667
25576,0.02666666666666667
6848,0.0
1901,0.93
25988,0.48333333333333334
27075,0.05333333333333334
1812,0.98
3689,0.5033333333333333
6760,0.0033333333333333335
18352,0.0
5650,0.8933333333333333
1776,0.7766666666666666
14810,0.0
5626,0.33666666666666667
24306,0.06333333333333334
9820,0.02
10339,0.0033333333333333335
7628,0.0
4101,0.006666666666666667
1465,0.09333333333333334
24811,0.0
437,0.81
23455,0.4633333333333333
28866,0.0
4440,0.2733333333333333
14593,0.15666666666666668
26353,0.013333333333333334
3619,0.20333333333333334
1647,0.9833333333333333
6183,0.6766666666666666
24326,0.8166666666666667
23337,0.41333333333333333
15195,0.19666666666666666
31389,0.44333333333333336
8910,0.07666666666666666
19212,0.5266666666666666
21665,0.14333333333333334
663,0.8466666666666667
9104,0.6733333333333333
1091,0.0
7041,0.1
5260,0.04666666666666667
7771,0.0
8579,0.0
8552,0.36333333333333334
1653,0.7833333333333333
22150,0.33
1014,0.06333333333333334
1474,0.006666666666666667
25404,0.9833333333333333
26990,0.08666666666666667
26530,0.19666666666666666
24729,0.0
18132,0.18333333333333332
29440,0.0033333333333333335
18106,0.04666666666666667
19405,0.16333333333333333
26327,0.0
19273,0.5933333333333334
29264,0.02666666666666667
11281,0.0033333333333333335
3378,0.33666666666666667
9898,0.06666666666666667
24945,0.03
26895,0.36333333333333334
24008,0.0
19824,0.0
6326,0.41333333333333333
12961,0.006666666666666667
31380,0.006666666666666667
21698,0.18
22214,0.03666666666666667
17717,0.96
17663,0.35
26081,0.0033333333333333335
32395,0.1
3831,0.17
10490,0.9466666666666667
29627,0.6666666666666666
8382,0.02666666666666667
21394,0.43666666666666665
20665,0.01
847,0.9933333333333333
31802,0.15
11194,0.08
23982,0.0
32303,0.0
15610,0.0033333333333333335
5949,0.14
2101,0.9366666666666666
10831,0.17666666666666667
484,0.8966666666666666
10124,0.01
25780,0.0
25879,0.0
27277,0.0
7435,0.0033333333333333335
29777,0.3466666666666667
12576,0.0
6964,0.6933333333333334
21620,0.13666666666666666
19509,0.13666666666666666
19038,0.0
22974,0.0
32269,0.0033333333333333335
18461,0.7966666666666666
18357,0.8266666666666667
6319,0.07666666666666666
29200,0.02
3746,0.45666666666666667
5325,0.20333333333333334
24687,0.14
4803,0.11
3117,0.5166666666666667
27475,0.0
6334,0.15333333333333332
15770,0.5766666666666667
13532,0.013333333333333334
21931,0.5833333333333334
26949,0.76
6920,0.0
15232,0.0033333333333333335
24573,0.16333333333333333
23,0.59
20283,0.0
17904,0.17
23568,0.17666666666666667
32156,0.20666666666666667
2098,0.9966666666666667
16300,0.48
15467,0.10666666666666667
30335,0.07333333333333333
4014,0.02666666666666667
4468,0.08
308,0.006666666666666667
8543,0.63
5286,0.1
26236,0.5633333333333334
14277,0.25
7458,0.12333333333333334
6926,0.0
1751,0.8466666666666667
17425,0.0
20245,0.01
5581,0.01
31551,0.8033333333333333
1095,0.0
9041,0.02
8009,0.0
24805,0.0033333333333333335
19666,0.0
30341,0.0033333333333333335
14324,0.01
23904,0.8533333333333334
21010,0.24
17890,0.30333333333333334
30169,0.79
32299,0.5466666666666666
12878,0.02666666666666667
4565,0.0
18238,0.7533333333333333
18620,0.1
17606,0.15666666666666668
19321,0.11
25453,0.0
22554,0.05333333333333334
849,0.8633333333333333
12312,0.7333333333333333
14680,0.92
5297,0.023333333333333334
11476,0.006666666666666667
6862,0.056666666666666664
4316,0.06666666666666667
9296,0.0
6482,0.043333333333333335
15215,0.5866666666666667
8277,0.37666666666666665
9864,0.7433333333333333
13955,0.0033333333333333335
17940,0.0
11078,0.2966666666666667
12668,0.09666666666666666
256,0.37
5763,0.7266666666666667
28110,0.03666666666666667
26472,0.5933333333333334
32184,0.8933333333333333
16463,0.0
26169,0.013333333333333334
10372,0.01
20748,0.07
16280,0.05333333333333334
14528,0.21
8765,0.08
23289,0.06333333333333334
4187,0.0
9049,0.0033333333333333335
12918,0.9233333333333333
14769,0.0
4337,0.043333333333333335
18010,0.5033333333333333
15082,0.0
32152,0.02
8429,0.8933333333333333
19550,0.06666666666666667
2062,0.9466666666666667
9075,0.08333333333333333
15166,0.30333333333333334
1204,0.43
5921,0.8333333333333334
17077,0.04
14480,0.04
31395,0.006666666666666667
15648,0.006666666666666667
32130,0.0
25280,0.0
9552,0.6566666666666666
26742,0.02666666666666667
882,0.7033333333333334
31863,0.0
11737,0.0
7538,0.04666666666666667
16809,0.09666666666666666
25399,0.02
14040,0.9133333333333333
22786,0.48
18176,0.02
31001,0.0
3154,0.2966666666666667
28560,0.0
28543,0.0
23355,0.11
20113,0.0033333333333333335
7969,0.6366666666666667
19477,0.4033333333333333
6981,0.91
25257,0.0
10383,0.21
12344,0.29333333333333333
2419,0.94
7915,0.07
12329,0.09333333333333334
29166,0.8733333333333333
4651,0.08666666666666667
10885,0.0
14521,0.38
20749,0.57
11959,0.49333333333333335
2999,0.29333333333333333
17428,0.7433333333333333
20179,0.0033333333333333335
19595,0.01
22289,0.43
31765,0.056666666666666664
21043,0.0
4170,0.006666666666666667
15203,0.05
9930,0.24666666666666667
9751,0.04
1171,0.02666666666666667
23286,0.11333333333333333
1950,0.8266666666666667
6560,0.21333333333333335
7566,0.04
15027,0.006666666666666667
25707,0.95
19933,0.0
26725,0.4
26608,0.3466666666666667
30929,0.0
21320,0.0
25834,0.7066666666666667
32179,0.78
28592,0.03
2442,0.9766666666666667
26441,0.0033333333333333335
31607,0.05333333333333334
13303,0.0
16424,0.0
10487,0.043333333333333335
11875,0.04666666666666667
28292,0.5766666666666667
28354,0.01
9351,0.4266666666666667
15571,0.006666666666666667
7937,0.13666666666666666
15061,0.01
18477,0.15333333333333332
8234,0.6233333333333333
28413,0.5466666666666666
12374,0.05333333333333334
26885,0.01
546,0.6733333333333333
28270,0.0
34,0.44666666666666666
25345,0.016666666666666666
29064,0.99
20947,0.0033333333333333335
3759,0.03333333333333333
6714,0.0
21487,0.04
6390,0.0
25646,0.0
9017,0.016666666666666666
177,0.6133333333333333
29028,0.023333333333333334
17241,0.0033333333333333335
2681,0.9766666666666667
2983,0.17
6594,0.006666666666666667
2205,0.72
26425,0.0
727,0.9366666666666666
10484,0.28
13245,0.3233333333333333
20968,0.0
25258,0.11333333333333333
20879,0.12666666666666668
4307,0.05333333333333334
2089,0.92
8654,0.15666666666666668
9457,0.39666666666666667
31044,0.02
30547,0.01
26523,0.64
8900,0.15333333333333332
32530,0.0
27155,0.5633333333333334
24406,0.23666666666666666
21905,0.02
29270,0.39
12723,0.12
532,0.013333333333333334
29899,0.6366666666666667
11038,0.8933333333333333
9548,0.03666666666666667
8149,0.19333333333333333
31242,0.0033333333333333335
26069,0.14333333333333334
3884,0.0
28814,0.1
21660,0.13666666666666666
6525,0.4666666666666667
1062,0.07
18165,0.16666666666666666
25648,0.11333333333333333
24410,0.0
25984,0.3433333333333333
16953,0.0
29134,0.0
18939,0.02666666666666667
18817,0.13333333333333333
28591,0.19
750,0.9033333333333333
13188,0.3466666666666667
10333,0.8566666666666667
13485,0.0033333333333333335
280,0.37333333333333335
26620,0.0
13430,0.13666666666666666
31093,0.52
3393,0.26666666666666666
6062,0.0
28820,0.22666666666666666
24120,0.006666666666666667
13429,0.016666666666666666
9325,0.4266666666666667
26461,0.0
20952,0.0
4153,0.0
1738,0.88
8374,0.21333333333333335
10404,0.9633333333333334
20531,0.12333333333333334
20406,0.9833333333333333
22660,0.2833333333333333
30503,0.0
30423,0.21333333333333335
27896,0.0033333333333333335
21192,0.3
18911,0.006666666666666667
27338,0.05
13007,0.92
30750,0.5833333333333334
8171,0.0033333333333333335
17373,0.02
9577,0.28
29624,0.0
23189,0.03333333333333333
19892,0.02
8303,0.0
4891,0.6633333333333333
23459,0.3566666666666667
30936,0.9633333333333334
17421,0.04666666666666667
21595,0.0
20881,0.04
16006,0.006666666666666667
21650,0.29
24711,0.7633333333333333
11554,0.6133333333333333
4444,0.0
12816,0.0
12988,0.57
6657,0.13
5539,0.07333333333333333
14560,0.03333333333333333
7128,0.0033333333333333335
26600,0.12333333333333334
9073,0.03666666666666667
6144,0.21
30051,0.0033333333333333335
23121,0.0
18119,0.5433333333333333
21945,0.0
15163,0.17333333333333334
9829,0.013333333333333334
10607,0.023333333333333334
12053,0.02666666666666667
7904,0.06666666666666667
25572,0.0
26520,0.5333333333333333
14540,0.0
25352,0.48
26148,0.01
19956,0.0
21361,0.043333333333333335
20503,0.10333333333333333
19709,0.0
24549,0.15666666666666668
11237,0.056666666666666664
22857,0.043333333333333335
22917,0.86
32079,0.5166666666666667
20942,0.47
1052,0.5833333333333334
31147,0.99
29259,0.32
28905,0.12666666666666668
25036,0.94
20030,0.15666666666666668
8150,0.14333333333333334
9422,0.7533333333333333
645,0.8633333333333333
22539,0.0
22749,0.0
18336,0.10333333333333333
21825,0.17333333333333334
14862,0.56
11160,0.18
28200,0.0033333333333333335
24133,0.42
21922,0.14666666666666667
8464,0.013333333333333334
26975,0.006666666666666667
29286,0.05333333333333334
13941,0.0033333333333333335
29255,0.0033333333333333335
9901,0.0
20206,0.0
11546,0.46
15401,0.5366666666666666
9364,0.016666666666666666
14765,0.0
21551,0.45666666666666667
30861,0.4533333333333333
28385,0.9733333333333334
29029,0.26
15085,0.35
16985,0.2966666666666667
25008,0.9766666666666667
28299,0.12
18149,0.05
18656,0.11666666666666667
13066,0.5366666666666666
16383,0.0
273,0.7866666666666666
32290,0.8966666666666666
11542,0.7566666666666667
20436,0.03666666666666667
4293,0.03
444,0.8633333333333333
25254,0.4266666666666667
18371,0.9366666666666666
7805,0.0033333333333333335
6772,0.0033333333333333335
28207,0.3
15112,0.7333333333333333
22874,0.07666666666666666
31840,0.32
5261,0.006666666666666667
1763,0.8766666666666667
2280,0.85
26385,0.3
28535,0.28
20863,0.8966666666666666
28825,0.8333333333333334
6011,0.11666666666666667
21310,0.0
30858,0.43666666666666665
19382,0.0033333333333333335
16382,0.09
21886,0.1
26571,0.0033333333333333335
10442,0.41
5276,0.06
29537,0.64
11107,0.023333333333333334
17498,0.0
9823,0.13
14873,0.006666666666666667
28256,0.4266666666666667
2879,0.9233333333333333
31960,0.3333333333333333
29441,0.016666666666666666
25174,0.0
10633,0.24666666666666667
6869,0.15666666666666668
23699,0.0033333333333333335
24495,0.22333333333333333
25888,0.03
22025,0.0
5657,0.0033333333333333335
9586,0.043333333333333335
17786,0.48333333333333334
9005,0.0
7333,0.0033333333333333335
4901,0.05
24629,0.013333333333333334
12620,0.0
25722,0.66
1356,0.4766666666666667
11866,0.02666666666666667
7060,0.6433333333333333
30329,0.016666666666666666
30492,0.31666666666666665
12233,0.02666666666666667
20217,0.02666666666666667
22606,0.0
24782,0.0
25332,0.0
25246,0.0
22013,0.11
22993,0.10333333333333333
11711,0.016666666666666666
3901,0.0
25588,0.2966666666666667
19915,0.9366666666666666
25141,0.5066666666666667
24364,0.44666666666666666
16244,0.0033333333333333335
7512,0.09333333333333334
23845,0.7933333333333333
12012,0.023333333333333334
18021,0.0
27311,0.7666666666666667
9797,0.016666666666666666
11738,0.1
29118,0.18666666666666668
9519,0.0
27499,0.7666666666666667
18629,0.0
1754,0.9033333333333333
23918,0.23333333333333334
21827,0.26
22966,0.0
30856,0.11
25200,0.15333333333333332
23365,0.8633333333333333
5408,0.006666666666666667
17699,0.0
26395,0.5033333333333333
22285,0.24666666666666667
2767,0.95
5975,0.0
18661,0.30333333333333334
9014,0.5066666666666667
5495,0.0
20407,0.0
12041,0.016666666666666666
28359,0.056666666666666664
23192,0.32666666666666666
12686,0.19666666666666666
7819,0.24
13881,0.5766666666666667
14688,0.27666666666666667
18543,0.0
21477,0.2833333333333333
25996,0.016666666666666666
6936,0.04666666666666667
32274,0.0033333333333333335
15706,0.31
14761,0.88
12123,0.0
26260,0.39
25627,0.0
2161,0.8833333333333333
32043,0.39666666666666667
12910,0.6166666666666667
500,0.7866666666666666
29116,0.25
12023,0.0033333333333333335
2602,0.9433333333333334
30476,0.12666666666666668
12209,0.9366666666666666
22299,0.0
24801,0.55
22505,0.07666666666666666
24951,0.03666666666666667
24370,0.19666666666666666
6518,0.6233333333333333
17678,0.0033333333333333335
11177,0.33
338,0.07
18601,0.04
32314,0.03
17571,0.0
15089,0.0
25544,0.0
5738,0.0
9655,0.016666666666666666
24468,0.0
20427,0.5933333333333334
6244,0.0
14895,0.03666666666666667
31442,0.6
5302,0.016666666666666666
8589,0.12
9101,0.016666666666666666
296,0.30666666666666664
1726,0.7766666666666666
30991,0.19
12225,0.5466666666666666
19048,0.44
25777,0.34
17494,0.4033333333333333
6763,0.01
7467,0.27666666666666667
8338,0.9033333333333333
23353,0.03
14133,0.5566666666666666
7626,0.43666666666666665
21952,0.5233333333333333
7949,0.12
13437,0.07333333333333333
2859,0.86
7944,0.01
8260,0.12666666666666668
8082,0.8933333333333333
25725,0.0
17378,0.2966666666666667
22487,0.0
25809,0.0033333333333333335
15966,0.2633333333333333
26331,0.0033333333333333335
15223,0.14
26929,0.03333333333333333
13756,0.06666666666666667
25863,0.2
19209,0.01
20958,0.73
528,0.023333333333333334
16389,0.30666666666666664
22643,0.79
26561,0.08333333333333333
9180,0.9666666666666667
22288,0.0
27935,0.30333333333333334
13177,0.13
13569,0.53
6966,0.06333333333333334
2454,0.97
3041,0.96
17349,0.0
22922,0.24333333333333335
15252,0.0
2933,0.2633333333333333
15149,0.4033333333333333
1554,0.82
17097,0.04
24148,0.59
23886,0.15666666666666668
9262,0.7533333333333333
7524,0.05333333333333334
29889,0.5633333333333334
21424,0.4166666666666667
11394,0.01
31377,0.06
8189,0.51
6318,0.06
18310,0.0033333333333333335
24822,0.01
22,0.3933333333333333
10140,0.0
28366,0.9216666666666666
27299,0.0
6485,0.72
25318,0.01
16693,0.07666666666666666
4035,0.16
24901,0.44333333333333336
17734,0.02
23484,0.01
24002,0.12
7131,0.01
28585,0.01
2342,0.7666666666666667
32319,0.02
11878,0.0033333333333333335
4892,0.0033333333333333335
474,0.9733333333333334
13826,0.016666666666666666
19397,0.7133333333333334
2238,0.9266666666666666
26880,0.0033333333333333335
6231,0.0033333333333333335
21132,0.0
5486,0.68
21414,0.0
18626,0.0
31797,0.6133333333333333
22528,0.0
3092,0.8933333333333333
15228,0.43333333333333335
28217,0.0
7980,0.63
8388,0.2733333333333333
22981,0.23333333333333334
31724,0.016666666666666666
21091,0.47333333333333333
13024,0.6
28209,0.0
20131,0.5333333333333333
29422,0.0033333333333333335
28295,0.07666666666666666
12549,0.27
5776,0.0
21780,0.0033333333333333335
15816,0.0
4930,0.0
23528,0.05333333333333334
17740,0.0
32080,0.10333333333333333
21849,0.0
5412,0.06
7758,0.0
14338,0.013333333333333334
30122,0.3
31837,0.05
22391,0.44666666666666666
22153,0.06666666666666667
4268,0.23333333333333334
21591,0.0
11642,0.006666666666666667
24323,0.2633333333333333
6576,0.44666666666666666
28425,0.07
30722,0.5033333333333333
6139,0.0
21766,0.013333333333333334
28435,0.4666666666666667
29574,0.06666666666666667
3872,0.023333333333333334
1549,0.9633333333333334
25761,0.0
18739,0.043333333333333335
15403,0.5833333333333334
13578,0.13
4947,0.07333333333333333
9204,0.16
28929,0.0
23116,0.0
22996,0.03666666666666667
20101,0.39666666666666667
24089,0.0
23115,0.57
6819,0.016666666666666666
11606,0.0
1368,0.03666666666666667
149,0.5233333333333333
24463,0.0
12279,0.2966666666666667
8019,0.0033333333333333335
26816,0.6266666666666667
13165,0.0033333333333333335
6901,0.0
29332,0.16
16552,0.24
5272,0.0033333333333333335
6647,0.24333333333333335
25918,0.17666666666666667
30663,0.7766666666666666
405,0.91
13629,0.006666666666666667
7136,0.0
26942,0.01
24460,0.0033333333333333335
17983,0.0033333333333333335
18503,0.18333333333333332
30828,0.07
11216,0.016666666666666666
9024,0.31333333333333335
15177,0.06
8078,0.8
15066,0.0033333333333333335
6853,0.12666666666666668
31278,0.97
1070,0.23333333333333334
31771,0.02
25283,0.4066666666666667
20884,0.5766666666666667
31787,0.23333333333333334
7582,0.21
5294,0.006666666666666667
19409,0.22
22963,0.043333333333333335
13001,0.0
29881,0.21333333333333335
28829,0.37333333333333335
2192,0.54
8113,0.6333333333333333
9719,0.54
29244,0.056666666666666664
13974,0.0
2044,0.9033333333333333
24537,0.20333333333333334
14266,0.6633333333333333
17146,0.0
22071,0.01
7581,0.6466666666666666
13860,0.0
25788,0.01
22651,0.0
2081,0.8866666666666667
908,0.006666666666666667
30560,0.0
23564,0.08
14678,0.0
27754,0.5
16895,0.53
28528,0.13
20631,0.06
16381,0.05
15731,0.04
4279,0.25333333333333335
2776,0.8733333333333333
32344,0.2733333333333333
29555,0.56
26138,0.12
28113,0.12
28409,0.0
9633,0.09666666666666666
13980,0.27
8626,0.47333333333333333
2235,0.7366666666666667
8238,0.0
15245,0.0
26501,0.08
16646,0.19333333333333333
21803,0.0
5865,0.0033333333333333335
4070,0.1
27643,0.09
24740,0.03666666666666667
4205,0.0
22988,0.6333333333333333
30554,0.0
12830,0.23
2302,0.93
22202,0.47333333333333333
18066,0.22333333333333333
23795,0.03333333333333333
4165,0.0
23126,0.08
30962,0.0
3489,0.06666666666666667
6615,0.03
58,0.43
31774,0.0
29307,0.02
30680,0.5033333333333333
5339,0.5766666666666667
26388,0.8533333333333334
28923,0.02666666666666667
15291,0.0
596,0.91
27790,0.006666666666666667
25430,0.013333333333333334
19466,0.3333333333333333
1405,0.48333333333333334
10709,0.01
30771,0.0
27063,0.05333333333333334
17065,0.0
16596,0.31333333333333335
19701,0.10666666666666667
7007,0.0
19377,0.6566666666666666
27610,0.0
12695,0.0
12239,0.29
3894,0.1
19148,0.5433333333333333
28969,0.13333333333333333
31248,0.0
582,0.81
14117,0.0
29954,0.2733333333333333
6346,0.0033333333333333335
1414,0.5666666666666667
778,0.9433333333333334
30027,0.0
29012,0.01
27747,0.01
12449,0.48
12940,0.09666666666666666
30270,0.06
9074,0.38666666666666666
7220,0.0
19131,0.0
8481,0.25
25060,0.1
28024,0.37333333333333335
4494,0.37
26536,0.04
15489,0.07
3926,0.15666666666666668
5902,0.2
3903,0.04
2323,0.67
25478,0.0033333333333333335
1486,0.01
16307,0.7266666666666667
17686,0.0
21095,0.0
7054,0.94
5665,0.08
3652,0.11666666666666667
25213,0.27
20860,0.6566666666666666
7591,0.04666666666666667
26923,0.9733333333333334
17943,0.07666666666666666
3952,0.10666666666666667
10256,0.0
15188,0.0
5943,0.0033333333333333335
8789,0.0033333333333333335
30351,0.0033333333333333335
4121,0.023333333333333334
9245,0.02666666666666667
20857,0.0
9941,0.8066666666666666
16951,0.0
8177,0.1
19374,0.09666666666666666
18771,0.04
3632,0.30333333333333334
23058,0.49666666666666665
8297,0.02666666666666667
2583,1.0
26046,0.03
25239,0.19666666666666666
14804,0.4866666666666667
27596,0.8133333333333334
5612,0.06666666666666667
12425,0.023333333333333334
4508,0.35
1973,0.9033333333333333
2220,0.6966666666666667
6927,0.17666666666666667
31568,0.01
10968,0.12333333333333334
31761,0.013333333333333334
25673,0.11
30446,0.043333333333333335
30147,0.44666666666666666
24194,0.87
30895,0.013333333333333334
8704,0.0033333333333333335
31309,0.0
21191,0.02666666666666667
971,0.7166666666666667
30333,0.45666666666666667
27933,0.4033333333333333
27490,0.0
7871,0.016666666666666666
20917,0.22
25111,0.24
15585,0.21
21969,0.48333333333333334
10524,0.18
23032,0.06
17158,0.95
21965,0.006666666666666667
28979,0.26
2513,0.9266666666666666
21246,0.31666666666666665
9717,0.16333333333333333
9732,0.0
14104,0.0
20597,0.0
8340,0.11
18030,0.006666666666666667
24884,0.05333333333333334
22350,0.36
15236,0.7666666666666667
7929,0.0
1168,0.08666666666666667
27104,0.0033333333333333335
7096,0.006666666666666667
11257,0.18333333333333332
14930,0.16
30127,0.2966666666666667
1674,0.96
8154,0.0
17062,0.13
9406,0.52
399,0.71
12773,0.0
18287,0.0033333333333333335
1816,0.9266666666666666
14403,0.006666666666666667
23009,0.74
21816,0.07333333333333333
22843,0.10666666666666667
9136,0.0
24177,0.0
17863,0.07666666666666666
17603,0.25
19491,0.0033333333333333335
28225,0.0033333333333333335
31378,0.01
18633,0.0033333333333333335
5976,0.8766666666666667
13506,0.36666666666666664
1886,0.97
11273,0.0
12975,0.45666666666666667
28759,0.03666666666666667
24541,0.30666666666666664
10773,0.23
20434,0.03333333333333333
10637,0.05
9867,0.89
5166,0.08333333333333333
26045,0.07
21628,0.6033333333333334
12232,0.6066666666666667
6385,0.0
19744,0.17
23177,0.0
7905,0.0033333333333333335
28549,0.0
9674,0.0
29364,0.29333333333333333
26141,0.0
8298,0.023333333333333334
4124,0.3933333333333333
8705,0.2866666666666667
32223,0.006666666666666667
14298,0.0
28957,0.0
20500,0.06333333333333334
25859,0.09666666666666666
8810,0.09
17296,0.11
19264,0.016666666666666666
18616,0.0
15240,0.0
6079,0.13333333333333333
28120,0.4266666666666667
20906,0.006666666666666667
24743,0.3333333333333333
111,0.72
27266,0.8533333333333334
13517,0.8133333333333334
19959,0.9033333333333333
7999,0.0
32018,0.006666666666666667
20997,0.10666666666666667
31870,0.7533333333333333
31654,0.8633333333333333
5341,0.25333333333333335
7427,0.25666666666666665
1418,0.47333333333333333
14577,0.9633333333333334
27688,0.06666666666666667
18920,0.56
18536,0.18
30581,0.26666666666666666
26407,0.013333333333333334
30002,0.53
23740,0.3933333333333333
12081,0.013333333333333334
29104,0.0033333333333333335
10639,0.0
9421,0.8033333333333333
31892,0.9266666666666666
11529,0.5066666666666667
4313,0.0033333333333333335
7292,0.7433333333333333
17098,0.2733333333333333
26626,0.6133333333333333
29685,0.38666666666666666
18819,0.0
31099,0.66
4291,0.7966666666666666
12434,0.01
739,0.6266666666666667
30890,0.46
20935,0.006666666666666667
30938,0.0033333333333333335
2962,0.22666666666666666
22914,0.01
10089,0.38333333333333336
11557,0.3
28688,0.4
15639,0.9
29261,0.023333333333333334
32497,0.0
24853,0.3333333333333333
12702,0.54
3780,0.04666666666666667
7533,0.2833333333333333
23227,0.023333333333333334
12410,0.0
8415,0.32
7248,0.7866666666666666
10683,0.0
15420,0.4066666666666667
1498,0.04666666666666667
29893,0.0033333333333333335
10926,0.26
15725,0.016666666666666666
18785,0.53
5211,0.0033333333333333335
4904,0.8833333333333333
6454,0.58
26036,0.2633333333333333
3498,0.006666666666666667
10492,0.4666666666666667
24197,0.4633333333333333
20392,0.0033333333333333335
946,0.8866666666666667
13589,0.38333333333333336
14421,0.23666666666666666
6405,0.006666666666666667
7118,0.01
22271,0.8533333333333334
22314,0.056666666666666664
1842,0.9033333333333333
23219,0.18333333333333332
22463,0.18
20864,0.0
30919,0.0
18415,0.43
30365,0.01
4095,0.07666666666666666
282,0.27
10719,0.006666666666666667
30710,0.41333333333333333
6648,0.0
20853,0.22333333333333333
17707,0.0
2296,0.7433333333333333
4582,0.7266666666666667
12783,0.14
21862,0.67
1448,0.11333333333333333
1402,0.4266666666666667
20655,0.02666666666666667
22211,0.0
5346,0.07666666666666666
25465,0.14
7958,0.09666666666666666
12287,0.4866666666666667
28421,0.10666666666666667
4274,0.24666666666666667
5053,0.06333333333333334
14317,0.0
30848,0.06333333333333334
1696,0.83
8227,0.8966666666666666
12003,0.04666666666666667
12603,0.23333333333333334
81,0.9633333333333334
26606,0.01
15834,0.013333333333333334
874,0.86
31902,0.2
6391,0.73
6578,0.47
23354,0.0
24519,0.5666666666666667
24439,0.7
10376,0.2966666666666667
8390,0.01
900,0.18333333333333332
8021,0.043333333333333335
26015,0.3383888888888889
1137,0.47333333333333333
4192,0.0
30059,0.01
17721,0.01
23781,0.14
29887,0.5266666666666666
30400,0.18
17654,0.03
30963,0.08666666666666667
14672,0.02666666666666667
28007,0.0
6176,0.12
29088,0.89
1508,0.023333333333333334
9667,0.056666666666666664
20474,0.0
5683,0.013333333333333334
16750,0.09666666666666666
30705,0.08
7293,0.22666666666666666
4280,0.7833333333333333
20834,0.8433333333333334
14401,0.30666666666666664
31900,0.0
5895,0.016666666666666666
12143,0.09
6631,0.15666666666666668
15938,0.016666666666666666
29154,0.7066666666666667
3893,0.04666666666666667
10551,0.16333333333333333
5774,0.006666666666666667
13367,0.0
2715,0.9633333333333334
20151,0.46
7945,0.7033333333333334
14541,0.7566666666666667
24,0.30333333333333334
28850,0.26
7936,0.04
24704,0.05333333333333334
23596,0.9133333333333333
24574,0.0
21049,0.4633333333333333
10986,0.02666666666666667
27802,0.05
19025,0.0
4130,0.04666666666666667
5910,0.12666666666666668
30033,0.02
26175,0.02666666666666667
5385,0.0
9502,0.02
7978,0.01
30331,0.16666666666666666
13230,0.07
17702,0.2
10167,0.5833333333333334
23336,0.0
24877,0.30333333333333334
22751,0.9266666666666666
25518,0.0033333333333333335
19793,0.02
1423,0.95
9006,0.01
22831,0.5066666666666667
15537,0.04666666666666667
11787,0.016666666666666666
31751,0.013333333333333334
23788,0.0
18815,0.13
22927,0.4
10651,0.0
31161,0.4266666666666667
4669,0.04666666666666667
26669,0.0033333333333333335
16158,0.04
10434,0.06333333333333334
16435,0.7166666666666667
23816,0.0
18949,0.006666666666666667
27541,0.12
20552,0.0033333333333333335
2072,0.9533333333333334
4942,0.006666666666666667
12982,0.006666666666666667
6531,0.0
17,0.75
9782,0.19666666666666666
21054,0.18666666666666668
5136,0.0033333333333333335
9028,0.11666666666666667
1102,0.0
4500,0.0
14993,0.0
17132,0.0033333333333333335
1317,0.24333333333333335
25909,0.43666666666666665
1537,0.99
9036,0.0
12101,0.0
6745,0.013333333333333334
233,0.6766666666666666
18398,0.023333333333333334
8059,0.013333333333333334
10358,0.02666666666666667
18164,0.02666666666666667
29226,0.02666666666666667
22408,0.04666666666666667
11360,0.043333333333333335
10200,0.0
11439,0.32
17891,0.0
13384,0.02
1361,0.21666666666666667
20543,0.0033333333333333335
6503,0.91
706,0.7966666666666666
1979,0.9733333333333334
7482,0.02666666666666667
19471,0.0
19092,0.05333333333333334
7221,0.6466666666666666
3783,0.24333333333333335
4586,0.22666666666666666
19779,0.09666666666666666
13463,0.4
9212,0.0033333333333333335
13218,0.65
6477,0.03
28737,0.0
25944,0.0
18782,0.0033333333333333335
27925,0.0033333333333333335
5860,0.18
31082,0.67
14193,0.29
24958,0.2866666666666667
8418,0.0
4385,0.0
20096,0.08666666666666667
646,0.8133333333333334
19011,0.0033333333333333335
30336,0.10666666666666667
21994,0.05
7395,0.58
18388,0.44
31041,0.006666666666666667
2345,0.79
10650,0.0
6643,0.83
10069,0.03333333333333333
21898,0.023333333333333334
2249,0.8033333333333333
16444,0.10333333333333333
29679,0.0033333333333333335
9079,0.6533333333333333
27382,0.01
2395,0.9933333333333333
11430,0.0
3714,0.5833333333333334
21419,0.043333333333333335
12172,0.06
25223,0.016666666666666666
19248,0.006666666666666667
31275,0.9766666666666667
12996,0.18666666666666668
31642,0.04
14896,0.08
32019,0.03
15853,0.03666666666666667
22330,0.12666666666666668
13676,0.0
616,0.9766666666666667
2980,0.30666666666666664
2637,0.9866666666666667
12060,0.09666666666666666
29354,0.15666666666666668
7652,0.0033333333333333335
475,0.99
24152,0.31333333333333335
1350,0.54
25659,0.02
11132,0.8133333333333334
9171,0.12333333333333334
27684,0.32
19234,0.15666666666666668
25714,0.14666666666666667
21637,0.08
14496,0.056666666666666664
30612,0.0
24667,0.0
27467,0.51
17992,0.34
2969,0.9133333333333333
29418,0.83
19951,0.6566666666666666
27110,0.02
14016,0.16333333333333333
15211,0.013333333333333334
9764,0.2733333333333333
17543,0.43666666666666665
28119,0.7633333333333333
19498,0.21666666666666667
4837,0.30333333333333334
31861,0.2833333333333333
7526,0.03
30242,0.0
5139,0.03
28325,0.26
28920,0.24
17970,0.0033333333333333335
19788,0.30333333333333334
4619,0.03666666666666667
13385,0.056666666666666664
24349,0.6133333333333333
22376,0.0
25416,0.17333333333333334
11458,0.0
32418,0.08666666666666667
9988,0.14666666666666667
12444,0.006666666666666667
26023,0.03
6280,0.5
11468,0.27
31167,0.35333333333333333
1040,0.36
19412,0.0
28708,0.21666666666666667
30372,0.0
19081,0.11666666666666667
11380,0.27
12317,0.4266666666666667
5305,0.21666666666666667
22165,0.09666666666666666
30922,0.14
19494,0.0
9287,0.4266666666666667
13120,0.0
5624,0.09333333333333334
9460,0.2
3648,0.17333333333333334
9279,0.43666666666666665
2925,0.21
15998,0.5
28835,0.0
2705,0.95
31686,0.0
11713,0.0
23273,0.01
21468,0.0033333333333333335
7235,0.0
18453,0.21333333333333335
29233,0.69
32550,0.01
22821,0.31333333333333335
23148,0.09
30879,0.23333333333333334
3474,0.15
10585,0.8866666666666667
3404,0.11
17526,0.0
10928,0.04666666666666667
10920,0.0033333333333333335
16816,0.0
4341,0.19
26981,0.01
22518,0.5533333333333333
19731,0.04
11421,0.4266666666666667
30909,0.0
718,0.8466666666666667
31202,0.36
10218,0.19
6636,0.013333333333333334
24461,0.0
31846,0.29333333333333333
15971,0.0
28968,0.25
10327,0.15
31616,0.4866666666666667
31058,0.51
22184,0.013333333333333334
28204,0.22333333333333333
24044,0.63
6219,0.006666666666666667
25733,0.0
4214,0.0
3214,0.44666666666666666
2785,0.9833333333333333
31478,0.01
24346,0.0033333333333333335
31634,0.7633333333333333
12641,0.016666666666666666
24140,0.0033333333333333335
16671,0.7000555555555555
22759,0.8466666666666667
20396,0.0
22099,0.0
20405,0.0
3405,0.23666666666666666
23390,0.05
7855,0.006666666666666667
5987,0.0033333333333333335
10811,0.006666666666666667
29279,0.006666666666666667
24482,0.6
26428,0.3466666666666667
10800,0.25666666666666665
19872,0.0
15795,0.7466666666666667
27315,0.6666666666666666
26718,0.96
3210,0.3933333333333333
21553,0.0
351,0.9966666666666667
12577,0.0033333333333333335
24498,0.02666666666666667
26970,0.7333333333333333
13516,0.18666666666666668
25129,0.28
329,0.016666666666666666
5517,0.006666666666666667
8523,0.49666666666666665
28289,0.89
2850,0.9233333333333333
18276,0.006666666666666667
4735,0.016666666666666666
8100,0.0033333333333333335
2936,0.19333333333333333
20955,0.14
9955,0.04
14241,0.7433333333333333
12293,0.0
6626,0.35333333333333333
21981,0.01
26048,0.5
762,0.65
16684,0.3
10974,0.0
31076,0.0
12604,0.12
178,0.33
16692,0.013333333333333334
15734,0.05
27010,0.7633333333333333
31349,0.0
11834,0.2966666666666667
2977,0.18
27097,0.0
26905,0.6366666666666667
25025,0.013333333333333334
10050,0.39
13447,0.34
10667,0.6566666666666666
26743,0.0033333333333333335
1121,0.3933333333333333
2255,0.87
19244,0.03666666666666667
10354,0.0
13679,0.07333333333333333
5936,0.44666666666666666
7394,0.01
9286,0.3466666666666667
22158,0.5966666666666667
24442,0.09333333333333334
11940,0.0
4968,0.0033333333333333335
11030,0.06
519,0.13666666666666666
25364,0.023333333333333334
18178,0.043333333333333335
135,0.73
24870,0.01
29316,0.6533333333333333
14085,0.5033333333333333
19066,0.0
7615,0.0
5368,0.93
31788,0.0
22176,0.38666666666666666
11291,0.006666666666666667
13332,0.0033333333333333335
12741,0.12333333333333334
12372,0.0
8473,0.02
15428,0.16666666666666666
27537,0.0
18922,0.09
8421,0.0
7361,0.02
12160,0.0
7084,0.09666666666666666
9094,0.79
349,0.8466666666666667
17906,0.02666666666666667
30236,0.23666666666666666
24725,0.023333333333333334
14806,0.02
11479,0.056666666666666664
13949,0.023333333333333334
1515,0.056666666666666664
9937,0.68
5912,0.006666666666666667
12631,0.0
9949,0.016666666666666666
27440,0.0
22784,0.013333333333333334
2599,0.97
25189,0.03
19444,0.0
30409,0.11333333333333333
26603,0.32
29949,0.0033333333333333335
30148,0.006666666666666667
31886,0.013333333333333334
19870,0.006666666666666667
15604,0.33
3094,0.55
8693,0.85
14750,0.29333333333333333
15863,0.13333333333333333
22146,0.0033333333333333335
3389,0.16
3383,0.49
15064,0.86
30761,0.0033333333333333335
8553,0.016666666666666666
5911,0.04666666666666667
3609,0.22666666666666666
16879,0.7833333333333333
22185,0.0033333333333333335
27888,0.06333333333333334
19188,0.0
11436,0.5433333333333333
9838,0.0
20921,0.03666666666666667
24527,0.37
11285,0.0033333333333333335
26288,0.7033333333333334
30671,0.8066666666666666
28989,0.3433333333333333
4246,0.22666666666666666
14575,0.6833333333333333
22572,0.21333333333333335
13115,0.43666666666666665
2782,0.91
19921,0.8133333333333334
16867,0.006666666666666667
31516,0.11666666666666667
14096,0.0
24005,0.04
28202,0.0
8830,0.0033333333333333335
512,0.9233333333333333
14386,0.02
2056,0.9966666666666667
18044,0.24333333333333335
19639,0.0
15279,0.43666666666666665
21859,0.10666666666666667
25027,0.07333333333333333
23432,0.18666666666666668
17070,0.22666666666666666
16145,0.006666666666666667
15927,0.03
22429,0.31333333333333335
4919,0.09333333333333334
26281,0.03
25672,0.023333333333333334
4272,0.53
4297,0.24
3226,0.08333333333333333
31882,0.03
25274,0.02
13807,0.023333333333333334
22387,0.09666666666666666
31712,0.7666666666666667
29969,0.44
10615,0.9633333333333334
31925,0.31666666666666665
23630,0.9
869,0.9766666666666667
15923,0.56
20361,0.7933333333333333
22656,0.0
13748,0.0033333333333333335
8764,0.03
10892,0.0
21529,0.016666666666666666
10689,0.006666666666666667
3303,0.7433333333333333
17690,0.0
175,0.37666666666666665
11548,0.013333333333333334
28283,0.49
8769,0.02
14028,0.0
28994,0.30666666666666664
19874,0.0
2579,0.9833333333333333
13416,0.23333333333333334
19936,0.13666666666666666
28662,0.0
25316,0.0
18237,0.08666666666666667
9335,0.0
27753,0.19666666666666666
12018,0.16333333333333333
28664,0.04
30144,0.07666666666666666
16270,0.6266666666666667
4421,0.24
18392,0.8166666666666667
30635,0.006666666666666667
2461,0.8466666666666667
19830,0.47333333333333333
18999,0.24
18847,0.05333333333333334
7288,0.0
4981,0.0
18592,0.48333333333333334
163,0.21
2024,0.9
4076,0.01
22199,0.19666666666666666
24384,0.38333333333333336
22873,0.3
22255,0.02
7811,0.01
6409,0.3933333333333333
1884,0.95
3327,0.35
9839,0.3233333333333333
4855,0.0
9763,0.21666666666666667
11006,0.006666666666666667
19589,0.0033333333333333335
26017,0.36666666666666664
8034,0.08
5770,0.20333333333333334
4844,0.08333333333333333
4470,0.0
30278,0.12666666666666668
30202,0.22333333333333333
26278,0.0
30030,0.10666666666666667
23548,0.4533333333333333
25597,0.006666666666666667
10745,0.006666666666666667
17843,0.6366666666666667
3734,0.67
29009,0.013333333333333334
6097,0.11333333333333333
30932,0.023333333333333334
9395,0.8266666666666667
12828,0.5933333333333334
9748,0.07666666666666666
12958,0.0033333333333333335
4386,0.5066666666666667
10818,0.02666666666666667
10288,0.06333333333333334
25633,0.0
5220,0.0033333333333333335
5898,0.09
5881,0.0033333333333333335
18262,0.24666666666666667
24408,0.0
31923,0.46
5816,0.056666666666666664
8056,0.27
3266,0.14333333333333334
31967,0.8933333333333333
24109,0.95
5077,0.03333333333333333
13215,0.09666666666666666
574,0.72
31608,0.29333333333333333
24910,0.0
11139,0.0
27227,0.023333333333333334
14671,0.0033333333333333335
11648,0.41333333333333333
13836,0.06
14944,0.28
3338,0.27
2001,0.9933333333333333
29950,0.006666666666666667
7885,0.0033333333333333335
25592,0.06666666666666667
9384,0.0033333333333333335
23272,0.056666666666666664
22392,0.01
20188,0.17666666666666667
83,0.4066666666666667
18672,0.0
27009,0.0
5669,0.8733333333333333
21639,0.59
7115,0.21
11806,0.016666666666666666
9664,0.4113888888888889
6196,0.49333333333333335
9334,0.016666666666666666
32099,0.05
27486,0.34
30924,0.056666666666666664
23887,0.09333333333333334
7086,0.0
24887,0.0033333333333333335
11888,0.0
30638,0.4633333333333333
2306,0.8166666666666667
2176,0.7833333333333333
32067,0.43333333333333335
11251,0.0
21607,0.6
19252,0.006666666666666667
21092,0.0
32340,0.006666666666666667
23508,0.006666666666666667
3177,0.09666666666666666
20982,0.0033333333333333335
16140,0.0033333333333333335
18909,0.43666666666666665
2553,1.0
15646,0.023333333333333334
1219,0.016666666666666666
31745,0.04
27407,0.19
9096,0.68
4756,0.01
5939,0.01
7195,0.65
19680,0.04666666666666667
7067,0.0
2429,0.9033333333333333
22400,0.7633333333333333
5629,0.13333333333333333
5658,0.5333333333333333
1050,0.45666666666666667
12699,0.43333333333333335
10538,0.11
8228,0.05333333333333334
16811,0.0033333333333333335
5688,0.31666666666666665
21360,0.03
22691,0.88
3289,0.49666666666666665
10220,0.013333333333333334
1835,0.9566666666666667
15152,0.5533333333333333
29409,0.03
8835,0.0
10387,0.7566666666666667
5558,0.023333333333333334
14375,0.4266666666666667
29096,0.35333333333333333
27884,0.0
23545,0.4266666666666667
17930,0.19
27578,0.0
31821,0.0033333333333333335
17777,0.9433333333333334
2271,0.6333333333333333
16698,0.2
10806,0.0
13043,0.0
5133,0.14333333333333334
9504,0.056666666666666664
22436,0.0
537,1.0
7250,0.5833333333333334
7034,0.07666666666666666
12422,0.006666666666666667
24218,0.45666666666666667
30673,0.18
2149,0.6833333333333333
3447,0.07666666666666666
32350,0.96
21757,0.29333333333333333
21571,0.17666666666666667
21099,0.6433333333333333
12117,0.6466666666666666
16054,0.8733333333333333
17256,0.5633333333333334
18902,0.043333333333333335
30453,0.43
10034,0.08333333333333333
26534,0.16666666666666666
32173,0.01
4581,0.07666666666666666
27567,0.0
12986,0.0
17457,0.32666666666666666
14598,0.16333333333333333
18759,0.04
18994,0.0
26547,0.0033333333333333335
2418,0.93
2906,0.9933333333333333
18033,0.006666666666666667
13037,0.41333333333333333
13841,0.56
15637,0.9566666666666667
21060,0.043333333333333335
18686,0.03
16941,0.3333333333333333
13617,0.0
7528,0.43666666666666665
6748,0.44333333333333336
15127,0.016666666666666666
13498,0.0
8776,0.0
23220,0.0033333333333333335
2281,0.77
18063,0.006666666666666667
9223,0.5533333333333333
32180,0.0
16807,0.47
7506,0.63
8318,0.0
18218,0.26666666666666666
5317,0.4033333333333333
28506,0.0
213,0.12333333333333334
18107,0.2866666666666667
11861,0.5966666666666667
9097,0.0033333333333333335
21592,0.12
32543,0.0033333333333333335
22832,0.5166666666666667
23525,0.0
27195,0.03333333333333333
6592,0.013333333333333334
27346,0.5333333333333333
2556,0.9366666666666666
26203,0.0
2875,0.99
21668,0.0033333333333333335
2178,0.5533333333333333
6261,0.29
24618,0.0
17444,0.15
30197,0.006666666666666667
24397,0.11
26218,0.0033333333333333335
10165,0.48
13106,0.20666666666666667
7497,0.06
29298,0.17
12292,0.20666666666666667
23410,1.0
21172,0.9033333333333333
30646,0.07333333333333333
24907,0.17333333333333334
22720,0.02
3630,0.5666666666666667
32287,0.0
2813,0.9266666666666666
13943,0.07
19267,0.46
31403,0.08
30634,0.20333333333333334
25624,0.27666666666666667
12031,0.0
11451,0.0
5405,0.48
30766,0.12666666666666668
24860,0.0
25773,0.92
8902,0.23666666666666666
22607,0.15666666666666668
16615,0.14
21796,0.0
6861,0.0
638,0.6366666666666667
6271,0.0
3922,0.38
8946,0.0
6204,0.43333333333333335
11260,0.7366666666666667
17913,0.0
26481,0.043333333333333335
13659,0.2866666666666667
14513,0.0
30944,0.0
28761,0.04
28614,0.043333333333333335
13264,0.77
10899,0.0033333333333333335
26935,0.0033333333333333335
4775,0.06
15102,0.04
7511,0.01
7366,0.006666666666666667
1374,0.013333333333333334
24334,0.0
1943,0.8566666666666667
20537,0.3233333333333333
14981,0.0
28534,0.5333333333333333
4998,0.19666666666666666
31031,0.03333333333333333
5808,0.0033333333333333335
13793,0.10333333333333333
2194,0.7033333333333334
15785,0.94
11760,0.51
17657,0.91
4304,0.12666666666666668
25852,0.0
28156,0.2733333333333333
6064,0.13
16758,0.18333333333333332
6965,0.38666666666666666
274,0.3233333333333333
8325,0.01
17873,0.11333333333333333
17672,0.39
12644,0.0
30194,0.5633333333333334
14923,0.006666666666666667
22642,0.6666666666666666
10605,0.8133333333333334
8528,0.3566666666666667
29375,0.37666666666666665
29653,0.07666666666666666
13912,0.07
6985,0.71
23898,0.03
21746,0.15
32063,0.12666666666666668
4075,0.0033333333333333335
10061,0.0033333333333333335
22044,0.4533333333333333
24453,0.8666666666666667
6762,0.0
30384,0.79
22664,0.23333333333333334
22081,0.06666666666666667
30997,0.67
19715,0.01
22030,0.09
21897,0.0033333333333333335
6684,0.5933333333333334
21450,0.05333333333333334
14640,0.9033333333333333
25233,0.043333333333333335
5031,0.0033333333333333335
19706,0.01
8184,0.01
23491,0.06333333333333334
22729,0.9033333333333333
2647,0.8633333333333333
1655,0.6766666666666666
2500,0.91
20409,0.18333333333333332
10206,0.0
15985,0.0
28703,0.09666666666666666
19072,0.30666666666666664
20689,0.8
19539,0.056666666666666664
30266,0.7966666666666666
10666,0.43
23185,0.0
6205,0.0
10412,0.43333333333333335
16796,0.043333333333333335
24859,0.03
8491,0.04666666666666667
14759,0.9
21990,0.06333333333333334
20375,0.006666666666666667
3087,0.75
2549,0.9566666666666667
5151,0.03
9905,0.45666666666666667
8893,0.0033333333333333335
6620,0.0033333333333333335
838,0.9233333333333333
19913,0.023333333333333334
20280,0.3
13749,0.21666666666666667
16093,0.5333333333333333
29365,0.006666666666666667
30074,0.09
6829,0.1
31864,0.0
14789,0.17333333333333334
28663,0.006666666666666667
16829,0.0
31620,0.07666666666666666
19457,0.0
15471,0.03333333333333333
13208,0.7033333333333334
8631,0.0
25169,0.13333333333333333
12894,0.5333333333333333
2009,0.9933333333333333
17538,0.08
19711,0.3433333333333333
25989,0.21666666666666667
763,0.9866666666666667
1301,0.04666666666666667
19175,0.0033333333333333335
9324,0.01
5559,0.0
28386,0.39666666666666667
24415,0.0
5751,0.013333333333333334
16973,0.023333333333333334
19370,0.0033333333333333335
8972,0.21666666666666667
26325,0.15333333333333332
12713,0.12666666666666668
26482,0.16666666666666666
5643,0.62
12506,0.006666666666666667
27160,0.0033333333333333335
1632,0.9166666666666666
17019,0.79
4830,0.0
29603,0.18333333333333332
21412,0.18333333333333332
5043,0.043333333333333335
2223,0.76
1534,0.9866666666666667
16554,0.02
3242,0.02
27751,0.8333333333333334
25064,0.0
16765,0.006666666666666667
4743,0.0
24529,0.0
9244,0.03333333333333333
25880,0.0
709,0.81
1849,0.9
13890,0.12666666666666668
7557,0.06
10085,0.13666666666666666
24694,0.6566666666666666
3111,0.16666666666666666
30691,0.30333333333333334
30693,0.38
10319,0.0
21963,0.11
24337,0.12
1530,0.9033333333333333
23521,0.15
31357,0.0
24571,0.23666666666666666
21809,0.02
13212,0.71
22309,0.08333333333333333
9656,0.016666666666666666
21597,0.0
10556,0.69
2018,0.9
8494,0.023333333333333334
9865,0.6033333333333334
13277,0.04666666666666667
30817,0.22666666666666666
26569,0.0
12016,0.48
2246,0.77
5398,0.006666666666666667
16429,0.0
5467,0.016666666666666666
15576,0.0
3058,0.8666666666666667
14356,0.0
19337,0.11666666666666667
32559,0.006666666666666667
7141,0.09
8351,0.6433333333333333
8616,0.05333333333333334
7494,0.1
27469,0.0
12618,0.36
20726,0.23333333333333334
20402,0.07666666666666666
18476,0.006666666666666667
25358,0.02
2802,0.9333333333333333
17047,0.006666666666666667
32438,0.9233333333333333
18436,0.07666666666666666
19718,0.043333333333333335
1839,0.9933333333333333
5388,0.0
30116,0.0033333333333333335
17738,0.23
29858,0.013333333333333334
21066,0.0
31934,0.0
27279,0.0
1087,0.0033333333333333335
648,0.8366666666666667
14620,0.30666666666666664
6392,0.08
5122,0.36
4360,0.01
5690,0.05333333333333334
17973,0.0033333333333333335
2184,0.71
8697,0.14666666666666667
19012,0.22666666666666666
14316,0.0
28714,0.14666666666666667
24578,0.01
23894,0.02666666666666667
6227,0.01
19922,0.0
7321,0.03
17724,0.49666666666666665
16008,0.8633333333333333
16844,0.69
31332,0.9766666666666667
31068,0.4533333333333333
7710,0.0
977,0.6166666666666667
26750,0.1
24918,0.55
5462,0.6933333333333334
2094,0.9966666666666667
5316,0.0
5088,0.11
6374,0.15333333333333332
20609,0.21333333333333335
28430,0.0033333333333333335
2034,0.97
20991,0.38333333333333336
24542,0.0033333333333333335
27461,0.056666666666666664
32368,0.0
11979,0.36666666666666664
3359,0.4033333333333333
461,0.8633333333333333
31949,0.006666666666666667
29458,0.0
7363,0.6666666666666666
5123,0.25
4983,0.23333333333333334
21295,0.0033333333333333335
29649,0.02666666666666667
26211,0.49
17883,0.5433333333333333
17209,0.0033333333333333335
143,0.3433333333333333
1242,0.006666666666666667
7155,0.21333333333333335
16626,0.0
6790,0.0
9399,0.08
757,0.9333333333333333
28453,0.0
28960,0.02666666666666667
21162,0.0
30796,0.4766666666666667
28433,0.0
18458,0.36333333333333334
19927,0.056666666666666664
22298,0.25333333333333335
25692,0.01
25889,0.04
22237,0.55
10040,0.36333333333333334
25856,0.016666666666666666
26684,0.0
21466,0.0033333333333333335
28770,0.0
18067,0.37
19792,0.0
9657,0.14333333333333334
21983,0.51
12648,0.31666666666666665
21136,0.2833333333333333
16595,0.2633333333333333
28221,0.22333333333333333
31494,0.0033333333333333335
28813,0.30666666666666664
19447,0.0
6040,0.7933333333333333
10364,0.6833333333333333
30921,0.0033333333333333335
9553,0.02
6445,0.0033333333333333335
31841,0.57
6893,0.8766666666666667
27932,0.0
27384,0.42
4126,0.023333333333333334
27735,0.0
8843,0.0033333333333333335
24199,0.0
20262,0.0
9715,0.06333333333333334
18895,0.03333333333333333
17129,0.11
16742,0.0
29888,0.11333333333333333
2869,0.97
4211,0.0
28998,0.45
1175,0.23666666666666666
21804,0.043333333333333335
17183,0.023333333333333334
2282,0.75
24516,0.0
13699,0.4266666666666667
7966,0.8933333333333333
8863,0.41
16776,0.0033333333333333335
24419,0.0033333333333333335
31014,0.7733333333333333
2208,0.85
18290,0.0033333333333333335
3444,0.39
3148,0.2633333333333333
25363,0.013333333333333334
20400,0.17666666666666667
17458,0.78
11708,0.0
26527,0.8066666666666666
6299,0.0
31999,0.08666666666666667
1966,0.77
3164,0.3233333333333333
26670,0.0033333333333333335
29462,0.14333333333333334
11653,0.0
29273,0.0
12771,0.48
32467,0.7033333333333334
12419,0.016666666666666666
8522,0.49333333333333335
32201,0.023333333333333334
19632,0.16666666666666666
28033,0.7833333333333333
10565,0.08
10475,0.8633333333333333
7323,0.6833333333333333
22839,0.08333333333333333
20740,0.05333333333333334
31648,0.03333333333333333
31128,0.15333333333333332
9611,0.43
2359,0.5133333333333333
18347,0.0
13317,0.006666666666666667
17221,0.02
11092,0.05
25442,0.0033333333333333335
23260,0.0
15681,0.0
9601,0.62
9134,0.58
26755,0.46
3426,0.36666666666666664
5652,0.0
32141,0.08
9272,0.1
27242,0.12
23619,0.5266666666666666
16156,0.34
20575,0.04
16634,0.01
772,0.6633333333333333
30532,0.41
28037,0.006666666666666667
31674,0.08
31344,0.03333333333333333
29841,0.25666666666666665
20346,0.62
1360,0.14666666666666667
21285,0.006666666666666667
14766,0.02
27625,0.04666666666666667
18173,0.28
22978,0.0033333333333333335
25916,0.05
29665,0.013333333333333334
10289,0.63
27624,0.58
21226,0.22
16956,0.3566666666666667
4453,0.0
2905,0.7866666666666666
17729,0.013333333333333334
7834,0.22666666666666666
28074,0.0033333333333333335
17259,0.01
29977,0.006666666666666667
28498,0.4166666666666667
909,0.06
14646,0.023333333333333334
2020,0.9933333333333333
32042,0.91
2699,0.9566666666666667
13062,0.016666666666666666
4323,0.0
20787,0.0
32098,0.7233333333333334
21686,0.0
12290,0.02666666666666667
31678,0.24
9974,0.0
24556,0.0
16509,0.0033333333333333335
6916,0.9833333333333333
3453,0.2
25156,0.013333333333333334
7440,0.016666666666666666
1436,0.22
8073,0.39666666666666667
15560,0.07
25969,0.0
10673,0.013333333333333334
22576,0.36
11185,0.6
6536,0.5033333333333333
12235,0.0
27774,0.013333333333333334
14206,0.0033333333333333335
32171,0.27
9135,0.1
20746,0.09
11100,0.2833333333333333
3654,0.37333333333333335
20148,0.21333333333333335
14413,0.86
6567,0.01
23822,0.21333333333333335
23651,0.31666666666666665
12969,0.0
9122,0.81
18180,0.02666666666666667
3301,0.44666666666666666
20293,0.0
29948,0.10333333333333333
11791,0.0
6641,0.02
22269,0.0
24264,0.0
19530,0.16666666666666666
15720,0.023333333333333334
22141,0.12666666666666668
9783,0.12333333333333334
7209,0.38666666666666666
23726,0.04666666666666667
29180,0.0
25382,0.05
18836,0.6066666666666667
31192,0.14
7418,0.36333333333333334
3248,0.11666666666666667
19207,0.4066666666666667
1462,0.03666666666666667
1075,0.02666666666666667
28,0.52
22551,0.7674444444444444
1473,0.3233333333333333
30043,0.01
13501,0.02666666666666667
3972,0.04666666666666667
18612,0.12333333333333334
14164,0.7533333333333333
30806,0.0
24763,0.27666666666666667
24240,0.13333333333333333
28906,0.0
3124,0.6866666666666666
15753,0.01
19486,0.0
23704,0.0
28316,0.0
31782,0.013333333333333334
29660,0.0
27483,0.01
20256,0.77
5487,0.0
3765,0.0033333333333333335
17597,0.0
16482,0.08333333333333333
16020,0.02
295,0.25
25462,0.08
17901,0.03333333333333333
11174,0.0
3950,0.02
28184,0.0
7062,0.03333333333333333
9265,0.0
28758,0.49333333333333335
15338,0.01
11724,0.0
2614,0.9433333333333334
16304,0.5966666666666667
19407,0.4666666666666667
3040,0.7233333333333334
25601,0.17666666666666667
11102,0.06333333333333334
13470,0.46
24202,0.0
270,0.18666666666666668
17900,0.0
16756,0.0033333333333333335
31103,0.0033333333333333335
30758,0.0
28043,0.07333333333333333
13008,0.04666666666666667
18186,0.24666666666666667
29361,0.4866666666666667
24834,0.18
14054,0.22
416,0.9833333333333333
24247,0.37
6460,0.006666666666666667
13957,0.09
27805,0.5766666666666667
23146,0.6266666666666667
24876,0.006666666666666667
20083,0.03333333333333333
28572,0.20333333333333334
11632,0.0
17749,0.57
11465,0.0
17622,0.24666666666666667
18008,0.07
8586,0.32666666666666666
6558,0.5033333333333333
29467,0.01
32167,0.5666666666666667
24360,0.06666666666666667
16674,0.6366666666666667
1480,0.04666666666666667
24231,0.03666666666666667
12795,0.0033333333333333335
18206,0.0033333333333333335
30953,0.043333333333333335
3218,0.02666666666666667
20564,0.7433333333333333
15979,0.0
13790,0.02
17157,0.18
32515,0.2966666666666667
29897,0.11
16558,0.02
31852,0.09666666666666666
25593,0.0
15586,0.57
88,0.98
23761,0.8666666666666667
21870,0.0033333333333333335
7633,0.0
6489,0.25
922,0.11333333333333333
14453,0.08333333333333333
13999,0.03
6887,0.0
28170,0.05
14692,0.12666666666666668
20539,0.0
29850,0.36333333333333334
31156,0.0
1276,0.47
26262,0.8133333333333334
27680,0.5833333333333334
30880,0.0
2748,0.91
28056,0.023333333333333334
11532,0.46
6421,0.016666666666666666
24669,0.0033333333333333335
4670,0.0033333333333333335
16916,0.0
17119,0.013333333333333334
13080,0.02666666666666667
3193,0.4266666666666667
30886,0.016666666666666666
30097,0.0033333333333333335
28964,0.01
10577,0.0
31257,0.0
10221,0.9466666666666667
31709,0.3233333333333333
24983,0.02666666666666667
23001,0.10333333333333333
11354,0.056666666666666664
20587,0.13333333333333333
31931,0.13
14264,0.14666666666666667
29416,0.6733333333333333
19475,0.03666666666666667
7713,0.11333333333333333
3478,0.6566666666666666
10052,0.17666666666666667
12020,0.10666666666666667
11492,0.04
20596,0.03333333333333333
959,0.8933333333333333
14448,0.45666666666666667
23736,0.0
32047,0.0
25990,0.08333333333333333
27507,0.5266666666666666
9065,0.5
2195,0.7266666666666667
26919,0.15666666666666668
15227,0.0
24206,0.5133333333333333
275,0.2833333333333333
6030,0.0
32207,0.39
14351,0.2866666666666667
26934,0.8166666666666667
18600,0.2
8074,0.2633333333333333
2082,0.9933333333333333
16759,0.0
19241,0.11
25155,0.0
13688,0.056666666666666664
2148,0.86
28552,0.47333333333333333
24021,0.56
13199,0.7266666666666667
15424,0.043333333333333335
17911,0.07
3166,0.41
1899,0.9066666666666666
9721,0.14333333333333334
31916,0.42333333333333334
31336,0.33666666666666667
14940,0.0
9516,0.22333333333333333
30481,0.03333333333333333
479,0.65
23028,0.9033333333333333
32135,0.21333333333333335
18231,0.0
8696,0.016666666666666666
11967,0.44666666666666666
6533,0.02
9859,0.24
29150,0.0
23250,0.4
1389,0.33
12750,0.24666666666666667
15961,0.0
23755,0.016666666666666666
9853,0.9166666666666666
17469,0.29333333333333333
11155,0.006666666666666667
4475,0.8433333333333334
16685,0.0033333333333333335
6303,0.023333333333333334
30138,0.83
8703,0.9766666666666667
16782,0.0
9925,0.25
22697,0.02
13241,0.0
17014,0.61
26371,0.08666666666666667
16268,0.10666666666666667
29250,0.7033333333333334
3495,0.23333333333333334
4179,0.0
19704,0.07
15415,0.0
29942,0.52
6593,0.08666666666666667
13343,0.013333333333333334
8046,0.0
14069,0.013333333333333334
3118,0.39666666666666667
29397,0.04666666666666667
12904,0.23666666666666666
19811,0.19333333333333333
22877,0.3233333333333333
7186,0.013333333333333334
6278,0.3566666666666667
32118,0.8
19719,0.9266666666666666
32162,0.006666666666666667
12071,0.0
31946,0.01
305,0.04
27322,0.7133333333333334
27809,0.05333333333333334
31351,0.013333333333333334
18791,0.0
28449,0.04
27748,0.10666666666666667
17683,0.12666666666666668
21693,0.013333333333333334
10839,0.9733333333333334
21962,0.5366666666666666
9881,0.0
18151,0.01
25915,0.01
21540,0.09
25267,0.0
12216,0.09666666666666666
4960,0.07666666666666666
2882,0.9633333333333334
22060,0.6666666666666666
25084,0.5666666666666667
6952,0.3566666666666667
15509,0.0
14202,0.2633333333333333
10550,0.0033333333333333335
27306,0.5866666666666667
11236,0.18
2920,0.46
27553,0.0
25607,0.31
12356,0.016666666666666666
13810,0.0
18773,0.013333333333333334
25644,0.0
24810,0.0
2521,0.85
28625,0.0033333333333333335
593,0.8866666666666667
19216,0.01
2807,0.7966666666666666
9922,0.013333333333333334
29638,0.2733333333333333
12607,0.8733333333333333
13270,0.2966666666666667
17986,0.30333333333333334
7817,0.02666666666666667
24659,0.93
8925,0.14666666666666667
9150,0.2
3070,0.84
10193,0.30666666666666664
26352,0.01
17438,0.0
20589,0.04666666666666667
5668,0.17
27652,0.16
14735,0.0033333333333333335
4426,0.013333333333333334
